Workbook

Sheet Ecuador_Calculos
A1: Indicadores de Desarrollo Humano (IDH, IHDI, PHDI, IDG) - Ecuador (2000-2020)
A2: Materia: Desarrollo Económico | Taller: Análisis Comparativo Internacional | Estudiante: Erick Fabricio Condoy Seraquive
A4: Año | B4: Esp. Vida (Años) | C4: Índice Salud (I_Salud) | D4: Años Esp. Esc. | E4: Índice Años Esp. | F4: Años Prom. Esc. | G4: Índice Años Prom. | H4: Índice Educación (I_Edu) | I4: INB per cápita PPA (USD) | J4: Índice Ingresos (I_Ing) | K4: Tasa Desempleo (%) | L4: Índice Empleo (I_Emp) | M4: IDH Oficial (Calculado) | N4: IDH Oficial (PNUD Raw) | O4: IHDI (Ajust. Desigualdad) | P4: PHDI (Ajust. Planeta) | Q4: IDG / GII (Desigualdad Género)
A5: 2000 | B5: 72.09 | C5: =(B5-20)/65 | D5: 12.678963 | E5: =D5/18 | F5: 7.320588 | G5: =F5/15 | H5: =(E5+G5)/2 | I5: 8323.2143 | J5: =(LN(MIN(I5,75000))-LN(100))/(LN(75000)-LN(100)) | K5: 0.048 | L5: =(0.15-K5)/0.15 | M5: =(C5*H5*J5)^(1/3) | N5: 0.683 | P5: 0.653 | Q5: 0.511
A6: 2001 | B6: 72.571 | C6: =(B6-20)/65 | D6: 12.838594 | E6: =D6/18 | F6: 7.377647 | G6: =F6/15 | H6: =(E6+G6)/2 | I6: 8886.1407 | J6: =(LN(MIN(I6,75000))-LN(100))/(LN(75000)-LN(100)) | K6: 0.0425 | L6: =(0.15-K6)/0.15 | M6: =(C6*H6*J6)^(1/3) | N6: 0.691 | P6: 0.656 | Q6: 0.498
A7: 2002 | B7: 73.164 | C7: =(B7-20)/65 | D7: 12.998226 | E7: =D7/18 | F7: 7.434706 | G7: =F7/15 | H7: =(E7+G7)/2 | I7: 9274.7408 | J7: =(LN(MIN(I7,75000))-LN(100))/(LN(75000)-LN(100)) | K7: 0.0484 | L7: =(0.15-K7)/0.15 | M7: =(C7*H7*J7)^(1/3) | N7: 0.698 | P7: 0.661 | Q7: 0.494
A8: 2003 | B8: 73.632 | C8: =(B8-20)/65 | D8: 13.157857 | E8: =D8/18 | F8: 7.491765 | G8: =F8/15 | H8: =(E8+G8)/2 | I8: 9365.8322 | J8: =(LN(MIN(I8,75000))-LN(100))/(LN(75000)-LN(100)) | K8: 0.0566 | L8: =(0.15-K8)/0.15 | M8: =(C8*H8*J8)^(1/3) | N8: 0.703 | P8: 0.666 | Q8: 0.486
A9: 2004 | B9: 73.868 | C9: =(B9-20)/65 | D9: 13.317488 | E9: =D9/18 | F9: 7.548823 | G9: =F9/15 | H9: =(E9+G9)/2 | I9: 9819.9264 | J9: =(LN(MIN(I9,75000))-LN(100))/(LN(75000)-LN(100)) | K9: 0.05 | L9: =(0.15-K9)/0.15 | M9: =(C9*H9*J9)^(1/3) | N9: 0.709 | P9: 0.671 | Q9: 0.478
A10: 2005 | B10: 73.909 | C10: =(B10-20)/65 | D10: 13.47712 | E10: =D10/18 | F10: 7.605882 | G10: =F10/15 | H10: =(E10+G10)/2 | I10: 10230.049 | J10: =(LN(MIN(I10,75000))-LN(100))/(LN(75000)-LN(100)) | K10: 0.0378 | L10: =(0.15-K10)/0.15 | M10: =(C10*H10*J10)^(1/3) | N10: 0.714 | P10: 0.675 | Q10: 0.477
A11: 2006 | B11: 74.01 | C11: =(B11-20)/65 | D11: 13.636751 | E11: =D11/18 | F11: 7.662941 | G11: =F11/15 | H11: =(E11+G11)/2 | I11: 10529.695 | J11: =(LN(MIN(I11,75000))-LN(100))/(LN(75000)-LN(100)) | K11: 0.0355 | L11: =(0.15-K11)/0.15 | M11: =(C11*H11*J11)^(1/3) | N11: 0.718 | P11: 0.678 | Q11: 0.452
A12: 2007 | B12: 74.226 | C12: =(B12-20)/65 | D12: 13.796383 | E12: =D12/18 | F12: 7.72 | G12: =F12/15 | H12: =(E12+G12)/2 | I12: 10539.343 | J12: =(LN(MIN(I12,75000))-LN(100))/(LN(75000)-LN(100)) | K12: 0.0314 | L12: =(0.15-K12)/0.15 | M12: =(C12*H12*J12)^(1/3) | N12: 0.722 | P12: 0.68 | Q12: 0.451
A13: 2008 | B13: 74.709 | C13: =(B13-20)/65 | D13: 13.956014 | E13: =D13/18 | F13: 7.73 | G13: =F13/15 | H13: =(E13+G13)/2 | I13: 11221.625 | J13: =(LN(MIN(I13,75000))-LN(100))/(LN(75000)-LN(100)) | K13: 0.0392 | L13: =(0.15-K13)/0.15 | M13: =(C13*H13*J13)^(1/3) | N13: 0.729 | P13: 0.686 | Q13: 0.452
A14: 2009 | B14: 74.901 | C14: =(B14-20)/65 | D14: 14.115645 | E14: =D14/18 | F14: 7.74 | G14: =F14/15 | H14: =(E14+G14)/2 | I14: 11199.378 | J14: =(LN(MIN(I14,75000))-LN(100))/(LN(75000)-LN(100)) | K14: 0.0461 | L14: =(0.15-K14)/0.15 | M14: =(C14*H14*J14)^(1/3) | N14: 0.731 | P14: 0.684 | Q14: 0.439
A15: 2010 | B15: 75.188 | C15: =(B15-20)/65 | D15: 14.275277 | E15: =D15/18 | F15: 7.85 | G15: =F15/15 | H15: =(E15+G15)/2 | I15: 11527.806 | J15: =(LN(MIN(I15,75000))-LN(100))/(LN(75000)-LN(100)) | K15: 0.0409 | L15: =(0.15-K15)/0.15 | M15: =(C15*H15*J15)^(1/3) | N15: 0.737 | O15: 0.577 | P15: 0.689 | Q15: 0.431
A16: 2011 | B16: 75.179 | C16: =(B16-20)/65 | D16: 14.434908 | E16: =D16/18 | F16: 7.91 | G16: =F16/15 | H16: =(E16+G16)/2 | I16: 12289.461 | J16: =(LN(MIN(I16,75000))-LN(100))/(LN(75000)-LN(100)) | K16: 0.0346 | L16: =(0.15-K16)/0.15 | M16: =(C16*H16*J16)^(1/3) | N16: 0.743 | O16: 0.596 | P16: 0.694 | Q16: 0.429
A17: 2012 | B17: 75.486 | C17: =(B17-20)/65 | D17: 14.59454 | E17: =D17/18 | F17: 8.1 | G17: =F17/15 | H17: =(E17+G17)/2 | I17: 12818.233 | J17: =(LN(MIN(I17,75000))-LN(100))/(LN(75000)-LN(100)) | K17: 0.0324 | L17: =(0.15-K17)/0.15 | M17: =(C17*H17*J17)^(1/3) | N17: 0.75 | O17: 0.598 | P17: 0.708 | Q17: 0.424
A18: 2013 | B18: 75.832 | C18: =(B18-20)/65 | D18: 14.39854 | E18: =D18/18 | F18: 8.29 | G18: =F18/15 | H18: =(E18+G18)/2 | I18: 13540.754 | J18: =(LN(MIN(I18,75000))-LN(100))/(LN(75000)-LN(100)) | K18: 0.0308 | L18: =(0.15-K18)/0.15 | M18: =(C18*H18*J18)^(1/3) | N18: 0.755 | O18: 0.607 | P18: 0.702 | Q18: 0.408
A19: 2014 | B19: 76.141 | C19: =(B19-20)/65 | D19: 14.49009 | E19: =D19/18 | F19: 8.36 | G19: =F19/15 | H19: =(E19+G19)/2 | I19: 13890.612 | J19: =(LN(MIN(I19,75000))-LN(100))/(LN(75000)-LN(100)) | K19: 0.0348 | L19: =(0.15-K19)/0.15 | M19: =(C19*H19*J19)^(1/3) | N19: 0.76 | O19: 0.621 | P19: 0.705 | Q19: 0.396
A20: 2015 | B20: 76.222 | C20: =(B20-20)/65 | D20: 14.58164 | E20: =D20/18 | F20: 8.7 | G20: =F20/15 | H20: =(E20+G20)/2 | I20: 13673.711 | J20: =(LN(MIN(I20,75000))-LN(100))/(LN(75000)-LN(100)) | K20: 0.0362 | L20: =(0.15-K20)/0.15 | M20: =(C20*H20*J20)^(1/3) | N20: 0.764 | O20: 0.622 | P20: 0.715 | Q20: 0.391
A21: 2016 | B21: 76.094 | C21: =(B21-20)/65 | D21: 14.47027 | E21: =D21/18 | F21: 8.69 | G21: =F21/15 | H21: =(E21+G21)/2 | I21: 13395.756 | J21: =(LN(MIN(I21,75000))-LN(100))/(LN(75000)-LN(100)) | K21: 0.046 | L21: =(0.15-K21)/0.15 | M21: =(C21*H21*J21)^(1/3) | N21: 0.761 | O21: 0.624 | P21: 0.716 | Q21: 0.386
A22: 2017 | B22: 76.22 | C22: =(B22-20)/65 | D22: 14.3589 | E22: =D22/18 | F22: 8.77 | G22: =F22/15 | H22: =(E22+G22)/2 | I22: 13899.598 | J22: =(LN(MIN(I22,75000))-LN(100))/(LN(75000)-LN(100)) | K22: 0.0384 | L22: =(0.15-K22)/0.15 | M22: =(C22*H22*J22)^(1/3) | N22: 0.764 | O22: 0.628 | P22: 0.719 | Q22: 0.389
A23: 2018 | B23: 77.248 | C23: =(B23-20)/65 | D23: 14.24753 | E23: =D23/18 | F23: 8.786667 | G23: =F23/15 | H23: =(E23+G23)/2 | I23: 13722.368 | J23: =(LN(MIN(I23,75000))-LN(100))/(LN(75000)-LN(100)) | K23: 0.0353 | L23: =(0.15-K23)/0.15 | M23: =(C23*H23*J23)^(1/3) | N23: 0.767 | O23: 0.627 | P23: 0.724 | Q23: 0.391
A24: 2019 | B24: 77.286 | C24: =(B24-20)/65 | D24: 14.09998 | E24: =D24/18 | F24: 8.803333 | G24: =F24/15 | H24: =(E24+G24)/2 | I24: 13459.632 | J24: =(LN(MIN(I24,75000))-LN(100))/(LN(75000)-LN(100)) | K24: 0.0381 | L24: =(0.15-K24)/0.15 | M24: =(C24*H24*J24)^(1/3) | N24: 0.765 | O24: 0.627 | P24: 0.722 | Q24: 0.388
A25: 2020 | B25: 72.004 | C25: =(B25-20)/65 | D25: 14.61038 | E25: =D25/18 | F25: 8.82 | G25: =F25/15 | H25: =(E25+G25)/2 | I25: 11975.105 | J25: =(LN(MIN(I25,75000))-LN(100))/(LN(75000)-LN(100)) | K25: 0.0613 | L25: =(0.15-K25)/0.15 | M25: =(C25*H25*J25)^(1/3) | N25: 0.74 | O25: 0.605 | P25: 0.704 | Q25: 0.373
A26: Promedio | B26: =AVERAGE(B5:B25) | C26: =AVERAGE(C5:C25) | D26: =AVERAGE(D5:D25) | E26: =AVERAGE(E5:E25) | F26: =AVERAGE(F5:F25) | G26: =AVERAGE(G5:G25) | H26: =AVERAGE(H5:H25) | I26: =AVERAGE(I5:I25) | ... Q26: =AVERAGE(Q5:Q25)

Sheet Suiza_Calculos
A1: Indicadores de Desarrollo Humano (IDH, IHDI, PHDI, IDG) - Suiza (2000-2020)
A2: Materia: Desarrollo Económico | Taller: Análisis Comparativo Internacional | Estudiante: Erick Fabricio Condoy Seraquive
A4: Año | B4: Esp. Vida (Años) | C4: Índice Salud (I_Salud) | D4: Años Esp. Esc. | E4: Índice Años Esp. | F4: Años Prom. Esc. | G4: Índice Años Prom. | H4: Índice Educación (I_Edu) | I4: INB per cápita PPA (USD) | J4: Índice Ingresos (I_Ing) | K4: Tasa Desempleo (%) | L4: Índice Empleo (I_Emp) | M4: IDH Oficial (Calculado) | N4: IDH Oficial (PNUD Raw) | O4: IHDI (Ajust. Desigualdad) | P4: PHDI (Ajust. Planeta) | Q4: IDG / GII (Desigualdad Género)
A5: 2000 | B5: 79.834 | C5: =(B5-20)/65 | D5: 15.03797 | E5: =D5/18 | F5: 10.637678 | G5: =F5/15 | H5: =(E5+G5)/2 | I5: 74302.983 | J5: =(LN(MIN(I5,75000))-LN(100))/(LN(75000)-LN(100)) | K5: 0.0266 | L5: =(0.15-K5)/0.15 | M5: =(C5*H5*J5)^(1/3) | N5: 0.892 | P5: 0.705 | Q5: 0.093
A6: 2001 | B6: 80.251 | C6: =(B6-20)/65 | D6: 15.06584 | E6: =D6/18 | F6: 10.751395 | G6: =F6/15 | H6: =(E6+G6)/2 | I6: 73206.674 | J6: =(LN(MIN(I6,75000))-LN(100))/(LN(75000)-LN(100)) | K6: 0.0249 | L6: =(0.15-K6)/0.15 | M6: =(C6*H6*J6)^(1/3) | N6: 0.895 | P6: 0.703 | Q6: 0.087
A7: 2002 | B7: 80.444 | C7: =(B7-20)/65 | D7: 14.96235 | E7: =D7/18 | F7: 10.865112 | G7: =F7/15 | H7: =(E7+G7)/2 | I7: 72444.27 | J7: =(LN(MIN(I7,75000))-LN(100))/(LN(75000)-LN(100)) | K7: 0.0292 | L7: =(0.15-K7)/0.15 | M7: =(C7*H7*J7)^(1/3) | N7: 0.896 | P7: 0.715 | Q7: 0.085
A8: 2003 | B8: 80.532 | C8: =(B8-20)/65 | D8: 15.10202 | E8: =D8/18 | F8: 10.978828 | G8: =F8/15 | H8: =(E8+G8)/2 | I8: 75080.04 | J8: =(LN(MIN(I8,75000))-LN(100))/(LN(75000)-LN(100)) | K8: 0.0412 | L8: =(0.15-K8)/0.15 | M8: =(C8*H8*J8)^(1/3) | N8: 0.901 | P8: 0.716 | Q8: 0.077
A9: 2004 | B9: 81.055 | C9: =(B9-20)/65 | D9: 15.18083 | E9: =D9/18 | F9: 11.092545 | G9: =F9/15 | H9: =(E9+G9)/2 | I9: 75988.948 | J9: =(LN(MIN(I9,75000))-LN(100))/(LN(75000)-LN(100)) | K9: 0.0441 | L9: =(0.15-K9)/0.15 | M9: =(C9*H9*J9)^(1/3) | N9: 0.906 | P9: 0.717 | Q9: 0.077
A10: 2005 | B10: 81.236 | C10: =(B10-20)/65 | D10: 15.22286 | E10: =D10/18 | F10: 11.206262 | G10: =F10/15 | H10: =(E10+G10)/2 | I10: 78661.011 | J10: =(LN(MIN(I10,75000))-LN(100))/(LN(75000)-LN(100)) | K10: 0.0442 | L10: =(0.15-K10)/0.15 | M10: =(C10*H10*J10)^(1/3) | N10: 0.909 | P10: 0.705 | Q10: 0.074
A11: 2006 | B11: 81.549 | C11: =(B11-20)/65 | D11: 15.31325 | E11: =D11/18 | F11: 11.739696 | G11: =F11/15 | H11: =(E11+G11)/2 | I11: 80425.104 | J11: =(LN(MIN(I11,75000))-LN(100))/(LN(75000)-LN(100)) | K11: 0.0373 | L11: =(0.15-K11)/0.15 | M11: =(C11*H11*J11)^(1/3) | N11: 0.918 | P11: 0.708 | Q11: 0.069
A12: 2007 | B12: 81.703 | C12: =(B12-20)/65 | D12: 15.42906 | E12: =D12/18 | F12: 12.273131 | G12: =F12/15 | H12: =(E12+G12)/2 | I12: 77405.797 | J12: =(LN(MIN(I12,75000))-LN(100))/(LN(75000)-LN(100)) | K12: 0.0316 | L12: =(0.15-K12)/0.15 | M12: =(C12*H12*J12)^(1/3) | N12: 0.926 | P12: 0.713 | Q12: 0.062
A13: 2008 | B13: 81.971 | C13: =(B13-20)/65 | D13: 15.48638 | E13: =D13/18 | F13: 12.806566 | G13: =F13/15 | H13: =(E13+G13)/2 | I13: 72847.796 | J13: =(LN(MIN(I13,75000))-LN(100))/(LN(75000)-LN(100)) | K13: 0.0303 | L13: =(0.15-K13)/0.15 | M13: =(C13*H13*J13)^(1/3) | N13: 0.934 | P13: 0.717 | Q13: 0.06
A14: 2009 | B14: 81.989 | C14: =(B14-20)/65 | D14: 15.51602 | E14: =D14/18 | F14: 13.34 | G14: =F14/15 | H14: =(E14+G14)/2 | I14: 76884.513 | J14: =(LN(MIN(I14,75000))-LN(100))/(LN(75000)-LN(100)) | K14: 0.0399 | L14: =(0.15-K14)/0.15 | M14: =(C14*H14*J14)^(1/3) | N14: 0.942 | P14: 0.725 | Q14: 0.058
A15: 2010 | B15: 82.287 | C15: =(B15-20)/65 | D15: 15.67983 | E15: =D15/18 | F15: 13.32 | G15: =F15/15 | H15: =(E15+G15)/2 | I15: 81900.204 | J15: =(LN(MIN(I15,75000))-LN(100))/(LN(75000)-LN(100)) | K15: 0.0436 | L15: =(0.15-K15)/0.15 | M15: =(C15*H15*J15)^(1/3) | N15: 0.945 | O15: 0.87 | P15: 0.717 | Q15: 0.056
A16: 2011 | B16: 82.574 | C16: =(B16-20)/65 | D16: 15.67316 | E16: =D16/18 | F16: 13.33 | G16: =F16/15 | H16: =(E16+G16)/2 | I16: 78996.101 | J16: =(LN(MIN(I16,75000))-LN(100))/(LN(75000)-LN(100)) | K16: 0.0409 | L16: =(0.15-K16)/0.15 | M16: =(C16*H16*J16)^(1/3) | N16: 0.946 | O16: 0.873 | P16: 0.686 | Q16: 0.053
A17: 2012 | B17: 82.617 | C17: =(B17-20)/65 | D17: 15.82801 | E17: =D17/18 | F17: 13.41 | G17: =F17/15 | H17: =(E17+G17)/2 | I17: 80093.929 | J17: =(LN(MIN(I17,75000))-LN(100))/(LN(75000)-LN(100)) | K17: 0.0425 | L17: =(0.15-K17)/0.15 | M17: =(C17*H17*J17)^(1/3) | N17: 0.949 | O17: 0.879 | P17: 0.703 | Q17: 0.05
A18: 2013 | B18: 82.689 | C18: =(B18-20)/65 | D18: 16.02376 | E18: =D18/18 | F18: 13.525 | G18: =F18/15 | H18: =(E18+G18)/2 | I18: 79770.577 | J18: =(LN(MIN(I18,75000))-LN(100))/(LN(75000)-LN(100)) | K18: 0.0443 | L18: =(0.15-K18)/0.15 | M18: =(C18*H18*J18)^(1/3) | N18: 0.952 | O18: 0.884 | P18: 0.706 | Q18: 0.043
A19: 2014 | B19: 83.084 | C19: =(B19-20)/65 | D19: 16.08972 | E19: =D19/18 | F19: 13.64 | G19: =F19/15 | H19: =(E19+G19)/2 | I19: 79041.547 | J19: =(LN(MIN(I19,75000))-LN(100))/(LN(75000)-LN(100)) | K19: 0.0445 | L19: =(0.15-K19)/0.15 | M19: =(C19*H19*J19)^(1/3) | N19: 0.956 | O19: 0.884 | P19: 0.725 | Q19: 0.041
A20: 2015 | B20: 82.846 | C20: =(B20-20)/65 | D20: 16.15568 | E20: =D20/18 | F20: 13.71 | G20: =F20/15 | H20: =(E20+G20)/2 | I20: 80606.209 | J20: =(LN(MIN(I20,75000))-LN(100))/(LN(75000)-LN(100)) | K20: 0.0454 | L20: =(0.15-K20)/0.15 | M20: =(C20*H20*J20)^(1/3) | N20: 0.957 | O20: 0.884 | P20: 0.727 | Q20: 0.038
A21: 2016 | B21: 83.446 | C21: =(B21-20)/65 | D21: 16.134291 | E21: =D21/18 | F21: 13.67 | G21: =F21/15 | H21: =(E21+G21)/2 | I21: 79016.002 | J21: =(LN(MIN(I21,75000))-LN(100))/(LN(75000)-LN(100)) | K21: 0.0467 | L21: =(0.15-K21)/0.15 | M21: =(C21*H21*J21)^(1/3) | N21: 0.959 | O21: 0.887 | P21: 0.723 | Q21: 0.038
A22: 2017 | B22: 83.414 | C22: =(B22-20)/65 | D22: 16.1684 | E22: =D22/18 | F22: 13.735 | G22: =F22/15 | H22: =(E22+G22)/2 | I22: 77993.268 | J22: =(LN(MIN(I22,75000))-LN(100))/(LN(75000)-LN(100)) | K22: 0.0471 | L22: =(0.15-K22)/0.15 | M22: =(C22*H22*J22)^(1/3) | N22: 0.96 | O22: 0.886 | P22: 0.728 | Q22: 0.034
A23: 2018 | B23: 83.564 | C23: =(B23-20)/65 | D23: 16.25905 | E23: =D23/18 | F23: 13.8 | G23: =F23/15 | H23: =(E23+G23)/2 | I23: 77788.629 | J23: =(LN(MIN(I23,75000))-LN(100))/(LN(75000)-LN(100)) | K23: 0.0466 | L23: =(0.15-K23)/0.15 | M23: =(C23*H23*J23)^(1/3) | N23: 0.962 | O23: 0.889 | P23: 0.738 | Q23: 0.031
A24: 2019 | B24: 83.78 | C24: =(B24-20)/65 | D24: 16.34458 | E24: =D24/18 | F24: 13.86 | G24: =F24/15 | H24: =(E24+G24)/2 | I24: 78234.455 | J24: =(LN(MIN(I24,75000))-LN(100))/(LN(75000)-LN(100)) | K24: 0.0435 | L24: =(0.15-K24)/0.15 | M24: =(C24*H24*J24)^(1/3) | N24: 0.965 | O24: 0.891 | P24: 0.742 | Q24: 0.016
A25: 2020 | B25: 83.063 | C25: =(B25-20)/65 | D25: 16.433661 | E25: =D25/18 | F25: 13.904489 | G25: =F25/15 | H25: =(E25+G25)/2 | I25: 74518.438 | J25: =(LN(MIN(I25,75000))-LN(100))/(LN(75000)-LN(100)) | K25: 0.0481 | L25: =(0.15-K25)/0.15 | M25: =(C25*H25*J25)^(1/3) | N25: 0.963 | O25: 0.885 | P25: 0.731 | Q25: 0.012
A26: Promedio | B26: =AVERAGE(B5:B25) | C26: =AVERAGE(C5:C25) | D26: =AVERAGE(D5:D25) | E26: =AVERAGE(E5:E25) | F26: =AVERAGE(F5:F25) | G26: =AVERAGE(G5:G25) | H26: =AVERAGE(H5:H25) | I26: =AVERAGE(I5:I25) | ... Q26: =AVERAGE(Q5:Q25)

Sheet Comparativo_Indicadores
A1: Comparativo Lado a Lado de los 4 Indicadores: Ecuador vs. Suiza (2000-2020)
A2: Análisis comparativo de los indicadores oficiales de PNUD extraídos fielmente de las bases raw.
A4: Año | B4: Ecuador IDH | C4: Suiza IDH | D4: Ecuador IHDI (Desigualdad) | E4: Suiza IHDI (Desigualdad) | F4: Ecuador PHDI (Planeta) | G4: Suiza PHDI (Planeta) | H4: Ecuador IDG / GII (Género) | I4: Suiza IDG / GII (Género)
A5: 2000 | B5: =Ecuador_Calculos!N5 | C5: =Suiza_Calculos!N5 | D5: =Ecuador_Calculos!O5 | E5: =Suiza_Calculos!O5 | F5: =Ecuador_Calculos!P5 | G5: =Suiza_Calculos!P5 | H5: =Ecuador_Calculos!Q5 | I5: =Suiza_Calculos!Q5
A6: 2001 | B6: =Ecuador_Calculos!N6 | C6: =Suiza_Calculos!N6 | D6: =Ecuador_Calculos!O6 | E6: =Suiza_Calculos!O6 | F6: =Ecuador_Calculos!P6 | G6: =Suiza_Calculos!P6 | H6: =Ecuador_Calculos!Q6 | I6: =Suiza_Calculos!Q6
A7: 2002 | B7: =Ecuador_Calculos!N7 | C7: =Suiza_Calculos!N7 | D7: =Ecuador_Calculos!O7 | E7: =Suiza_Calculos!O7 | F7: =Ecuador_Calculos!P7 | G7: =Suiza_Calculos!P7 | H7: =Ecuador_Calculos!Q7 | I7: =Suiza_Calculos!Q7
A8: 2003 | B8: =Ecuador_Calculos!N8 | C8: =Suiza_Calculos!N8 | D8: =Ecuador_Calculos!O8 | E8: =Suiza_Calculos!O8 | F8: =Ecuador_Calculos!P8 | G8: =Suiza_Calculos!P8 | H8: =Ecuador_Calculos!Q8 | I8: =Suiza_Calculos!Q8
A9: 2004 | B9: =Ecuador_Calculos!N9 | C9: =Suiza_Calculos!N9 | D9: =Ecuador_Calculos!O9 | E9: =Suiza_Calculos!O9 | F9: =Ecuador_Calculos!P9 | G9: =Suiza_Calculos!P9 | H9: =Ecuador_Calculos!Q9 | I9: =Suiza_Calculos!Q9
A10: 2005 | B10: =Ecuador_Calculos!N10 | C10: =Suiza_Calculos!N10 | D10: =Ecuador_Calculos!O10 | E10: =Suiza_Calculos!O10 | F10: =Ecuador_Calculos!P10 | G10: =Suiza_Calculos!P10 | H10: =Ecuador_Calculos!Q10 | I10: =Suiza_Calculos!Q10
A11: 2006 | B11: =Ecuador_Calculos!N11 | C11: =Suiza_Calculos!N11 | D11: =Ecuador_Calculos!O11 | E11: =Suiza_Calculos!O11 | F11: =Ecuador_Calculos!P11 | G11: =Suiza_Calculos!P11 | H11: =Ecuador_Calculos!Q11 | I11: =Suiza_Calculos!Q11
A12: 2007 | B12: =Ecuador_Calculos!N12 | C12: =Suiza_Calculos!N12 | D12: =Ecuador_Calculos!O12 | E12: =Suiza_Calculos!O12 | F12: =Ecuador_Calculos!P12 | G12: =Suiza_Calculos!P12 | H12: =Ecuador_Calculos!Q12 | I12: =Suiza_Calculos!Q12
A13: 2008 | B13: =Ecuador_Calculos!N13 | C13: =Suiza_Calculos!N13 | D13: =Ecuador_Calculos!O13 | E13: =Suiza_Calculos!O13 | F13: =Ecuador_Calculos!P13 | G13: =Suiza_Calculos!P13 | H13: =Ecuador_Calculos!Q13 | I13: =Suiza_Calculos!Q13
A14: 2009 | B14: =Ecuador_Calculos!N14 | C14: =Suiza_Calculos!N14 | D14: =Ecuador_Calculos!O14 | E14: =Suiza_Calculos!O14 | F14: =Ecuador_Calculos!P14 | G14: =Suiza_Calculos!P14 | H14: =Ecuador_Calculos!Q14 | I14: =Suiza_Calculos!Q14
A15: 2010 | B15: =Ecuador_Calculos!N15 | C15: =Suiza_Calculos!N15 | D15: =Ecuador_Calculos!O15 | E15: =Suiza_Calculos!O15 | F15: =Ecuador_Calculos!P15 | G15: =Suiza_Calculos!P15 | H15: =Ecuador_Calculos!Q15 | I15: =Suiza_Calculos!Q15
A16: 2011 | B16: =Ecuador_Calculos!N16 | C16: =Suiza_Calculos!N16 | D16: =Ecuador_Calculos!O16 | E16: =Suiza_Calculos!O16 | F16: =Ecuador_Calculos!P16 | G16: =Suiza_Calculos!P16 | H16: =Ecuador_Calculos!Q16 | I16: =Suiza_Calculos!Q16
... A25: 2020 | B25: =Ecuador_Calculos!N25 | C25: =Suiza_Calculos!N25 | D25: =Ecuador_Calculos!O25 | E25: =Suiza_Calculos!O25 | F25: =Ecuador_Calculos!P25 | G25: =Suiza_Calculos!P25 | H25: =Ecuador_Calculos!Q25 | I25: =Suiza_Calculos!Q25
A26: Promedio | B26: =AVERAGE(B5:B25) | C26: =AVERAGE(C5:C25) | D26: =AVERAGE(D5:D25) | E26: =AVERAGE(E5:E25) | F26: =AVERAGE(F5:F25) | G26: =AVERAGE(G5:G25) | H26: =AVERAGE(H5:H25) | I26: =AVERAGE(I5:I25)

Sheet Grafico_IDH
A1: IDH Oficial: Ecuador vs Suiza

Sheet Grafico_IHDI
A1: IDH Ajustado por Desigualdad (IHDI): Ecuador vs Suiza

Sheet Grafico_PHDI
A1: IDH Ajustado por Presiones Planetarias (PHDI)

Sheet Grafico_IDG_GII
A1: Índice de Desigualdad de Género (IDG / GII)

Sheet Metadatos_Diccionario
A1: Diccionario de Metadatos de Desarrollo Humano Oficial
A2: Especificación de variables de los 4 indicadores oficiales del PNUD y su enlace de descarga.
A4: Variable | B4: Definición Conceptual | C4: Fórmula / Dimensiones | D4: Unidad de Medida | E4: Fuente de Origen | F4: Enlace de Descarga
A5: IDH (Índice de Desarrollo Humano) | B5: Medida sintética que evalúa el progreso medio de un país en tres dimensiones básicas: salud, educación y nivel de vida. | C5: =(I_Salud * I_Edu * I_Ing)^(1/3) | D5: Índice (0 a 1) | E5: PNUD (Human Development Reports) | F5: https://hdr.undp.org/data-center
A6: IHDI (IDH Ajustado por la Desigualdad) | B6: Evalúa el nivel de desarrollo humano ajustando el valor de cada dimensión en función de la desigualdad en su distribución entre la población. | C6: =IDH * (1 - Inequidad_Promedio) | D6: Índice (0 a 1) | E6: PNUD (Atkinson's Inequality Index) | F6: https://hdr.undp.org/data-center
A7: PHDI (IDH Ajustado por Presiones Planetarias) | B7: Ajusta el IDH oficial multiplicándolo por un factor de presión que considera las emisiones per cápita de CO2 y la huella material. | C7: =IDH * S_Factor_Presión_Ambiental | D7: Índice (0 a 1) | E7: PNUD (Planetary Pressures) | F7: https://hdr.undp.org/data-center
A8: IDG / GII (Índice de Desigualdad de Género) | B8: Mide las desventajas de las mujeres en tres dimensiones básicas: salud reproductiva, empoderamiento y mercado laboral. Cero significa igualdad perfecta. | C8: Fórmula combinada de medias geométricas por género (GII) | D8: Índice (0 a 1), donde menor es mejor | E8: PNUD (Gender Gaps) | F8: https://hdr.undp.org/data-center
